specie;breed;gender;birthdate;insurance_carrier;r;l;d;commercialPremium
dog;australian sheperd;female;01/01/2024;1;0.6;1100;0;216.385321100917
dog;australian sheperd;female;01/01/2024;1;0.7;1500;20;290.623853211009
dog;australian sheperd;female;01/01/2024;1;0.8;1800;30;361.52752293578
dog;australian sheperd;female;01/01/2024;1;1;2500;75;739.266055045871
dog;australian sheperd;female;01/01/2024;1;0.9;2200;50;594.275229357798
dog;australian sheperd;female;02/05/2020;1;0.6;1100;0;234.330275229358
dog;australian sheperd;female;02/05/2020;1;0.7;1500;20;312.752293577982
dog;australian sheperd;female;02/05/2020;1;0.8;1800;30;393.123853211009
dog;australian sheperd;female;02/05/2020;1;1;2500;75;753.02752293578
dog;australian sheperd;female;02/05/2020;1;0.9;2200;50;607.376146788991
dog;australian sheperd;female;02/05/2022;1;0.6;1100;0;221.339449541284
dog;australian sheperd;female;02/05/2022;1;0.7;1500;20;290.623853211009
dog;australian sheperd;female;02/05/2022;1;0.8;1800;30;361.52752293578
dog;australian sheperd;female;02/05/2022;1;1;2500;75;739.266055045871
dog;australian sheperd;female;02/05/2022;1;0.9;2200;50;594.275229357798
dog;australian sheperd;female;02/05/2018;1;0.6;1100;0;354.440366972477
dog;australian sheperd;female;02/05/2018;1;0.7;1500;20;447.394495412844
dog;australian sheperd;female;02/05/2018;1;0.8;1800;30;574.885321100917
dog;german sheperd;female;01/01/2024;1;0.6;1100;0;327.02752293578
dog;german sheperd;female;01/01/2024;1;0.7;1500;20;427.137614678899
dog;german sheperd;female;01/01/2024;1;0.8;1800;30;531.729357798165
dog;german sheperd;female;01/01/2024;1;0.9;2200;50;824.036697247706
dog;german sheperd;female;01/01/2024;1;1;2500;75;1004.25688073394
dog;german sheperd;female;01/05/2020;1;0.6;1100;0;334.623853211009
dog;german sheperd;female;01/05/2020;1;0.7;1500;20;433.633027522936
dog;german sheperd;female;01/05/2020;1;0.8;1800;30;539.876146788991
dog;german sheperd;female;01/05/2020;1;0.9;2200;50;841.54128440367
dog;german sheperd;female;01/05/2020;1;1;2500;75;1023.30275229358
dog;german sheperd;female;01/05/2018;1;0.6;1100;0;526.844036697248
dog;german sheperd;female;01/05/2018;1;0.7;1500;20;634.770642201835
dog;german sheperd;female;01/05/2018;1;0.8;1800;30;814.55504587156
dog;golden-retriever;female;01/01/2024;1;0.6;1100;0;267.908256880734
dog;golden-retriever;female;01/01/2024;1;0.7;1500;20;348.862385321101
dog;golden-retriever;female;01/01/2024;1;0.8;1800;30;431.98623853211
dog;golden-retriever;female;01/01/2024;1;0.9;2200;50;594.275229357798
dog;golden-retriever;female;01/01/2024;1;1;2500;75;849.357798165137
dog;golden-retriever;female;01/05/2020;1;0.6;1100;0;280.238532110092
dog;golden-retriever;female;01/05/2020;1;0.7;1500;20;359.321100917431
dog;golden-retriever;female;01/05/2020;1;0.8;1800;30;449.490825688073
dog;golden-retriever;female;01/05/2020;1;0.9;2200;50;638.752293577982
dog;golden-retriever;female;01/05/2020;1;1;2500;75;899.669724770642
dog;golden-retriever;female;01/05/2018;1;0.6;1100;0;451.761467889908
dog;golden-retriever;female;01/05/2018;1;0.7;1500;20;545.045871559633
dog;golden-retriever;female;01/05/2018;1;0.8;1800;30;697.087155963303
dog;australian sheperd;female;01/01/2024;2;0.5;1000;0;130.45871559633
dog;australian sheperd;female;01/01/2024;2;0.6;1000;0;150.825688073394
dog;australian sheperd;female;01/01/2024;2;0.7;1000;0;169.43119266055
dog;australian sheperd;female;01/01/2024;2;0.5;1500;0;158.642201834862
dog;australian sheperd;female;01/01/2024;2;0.6;1500;0;185.064220183486
dog;australian sheperd;female;01/01/2024;2;0.7;1500;0;209.064220183486
dog;australian sheperd;female;01/01/2024;2;0.5;2000;0;186.05504587156
dog;australian sheperd;female;01/01/2024;2;0.6;2000;0;218.642201834862
dog;australian sheperd;female;01/01/2024;2;0.7;2000;0;248.807339449541
dog;australian sheperd;female;01/01/2024;2;0.8;1000;0;193.54128440367
dog;australian sheperd;female;01/01/2024;2;0.9;1000;0;217.761467889908
dog;australian sheperd;female;01/01/2024;2;1;1000;0;314.752293577982
dog;australian sheperd;female;01/01/2024;2;0.8;1500;0;239.009174311927
dog;australian sheperd;female;01/01/2024;2;0.9;1500;0;268.844036697248
dog;australian sheperd;female;01/01/2024;2;1;1500;0;388.293577981651
dog;australian sheperd;female;01/01/2024;2;0.8;2000;0;254.091743119266
dog;australian sheperd;female;01/01/2024;2;0.9;2000;0;277.651376146789
dog;australian sheperd;female;01/01/2024;2;1;2000;0;448.844036697248
dog;australian sheperd;female;01/01/2024;2;0.8;2500;0;266.311926605505
dog;australian sheperd;female;01/01/2024;2;0.9;2500;0;292.954128440367
dog;australian sheperd;female;01/01/2024;2;1;2500;0;476.146788990826
dog;australian sheperd;female;01/01/2024;2;0.8;3000;0;284.477064220183
dog;australian sheperd;female;01/01/2024;2;0.9;3000;0;315.082568807339
dog;australian sheperd;female;01/01/2024;2;1;3000;0;515.229357798165
dog;australian sheperd;female;14/05/2022;2;0.5;1000;0;138.605504587156
dog;australian sheperd;female;14/05/2022;2;0.6;1000;0;160.183486238532
dog;australian sheperd;female;14/05/2022;2;0.7;1000;0;180
dog;australian sheperd;female;14/05/2022;2;0.5;1500;0;168.550458715596
dog;australian sheperd;female;14/05/2022;2;0.6;1500;0;196.51376146789
dog;australian sheperd;female;14/05/2022;2;0.7;1500;0;222.165137614679
dog;australian sheperd;female;14/05/2022;2;0.5;2000;0;197.614678899083
dog;australian sheperd;female;14/05/2022;2;0.6;2000;0;232.293577981651
dog;australian sheperd;female;14/05/2022;2;0.7;2000;0;264.330275229358
dog;australian sheperd;female;14/05/2022;2;0.8;1000;0;205.651376146789
dog;australian sheperd;female;14/05/2022;2;0.9;1000;0;231.522935779817
dog;australian sheperd;female;14/05/2022;2;1;1000;0;334.348623853211
dog;australian sheperd;female;14/05/2022;2;0.8;1500;0;253.871559633027
dog;australian sheperd;female;14/05/2022;2;0.9;1500;0;285.577981651376
dog;australian sheperd;female;14/05/2022;2;1;1500;0;412.733944954128
dog;australian sheperd;female;14/05/2022;2;0.8;2000;0;269.834862385321
dog;australian sheperd;female;14/05/2022;2;0.9;2000;0;295.045871559633
dog;australian sheperd;female;14/05/2022;2;1;2000;0;476.917431192661
dog;australian sheperd;female;14/05/2022;2;0.8;2500;0;282.935779816514
dog;australian sheperd;female;14/05/2022;2;0.9;2500;0;311.229357798165
dog;australian sheperd;female;14/05/2022;2;1;2500;0;505.871559633028
dog;australian sheperd;female;14/05/2022;2;0.8;3000;0;302.311926605505
dog;australian sheperd;female;14/05/2022;2;0.9;3000;0;334.788990825688
dog;australian sheperd;female;14/05/2022;2;1;3000;0;547.48623853211
dog;australian sheperd;female;14/05/2020;2;0.5;1000;0;171.192660550459
dog;australian sheperd;female;14/05/2020;2;0.6;1000;0;197.834862385321
dog;australian sheperd;female;14/05/2020;2;0.7;1000;0;222.385321100917
dog;australian sheperd;female;14/05/2020;2;0.5;1500;0;208.183486238532
dog;australian sheperd;female;14/05/2020;2;0.6;1500;0;242.752293577982
dog;australian sheperd;female;14/05/2020;2;0.7;1500;0;274.45871559633
dog;australian sheperd;female;14/05/2020;2;0.5;2000;0;244.073394495413
dog;australian sheperd;female;14/05/2020;2;0.6;2000;0;286.899082568807
dog;australian sheperd;female;14/05/2020;2;0.7;2000;0;326.532110091743
dog;australian sheperd;female;14/05/2020;2;0.8;1000;0;254.201834862385
dog;australian sheperd;female;14/05/2020;2;0.9;1000;0;285.908256880734
dog;australian sheperd;female;14/05/2020;2;1;1000;0;413.064220183486
dog;australian sheperd;female;14/05/2020;2;0.8;1500;0;313.651376146789
dog;australian sheperd;female;14/05/2020;2;0.9;1500;0;352.954128440367
dog;australian sheperd;female;14/05/2020;2;1;1500;0;509.724770642202
dog;australian sheperd;female;14/05/2020;2;0.8;2000;0;333.467889908257
dog;australian sheperd;female;14/05/2020;2;0.9;2000;0;364.403669724771
dog;australian sheperd;female;14/05/2020;2;1;2000;0;589.100917431193
dog;australian sheperd;female;14/05/2020;2;0.8;2500;0;349.43119266055
dog;australian sheperd;female;14/05/2020;2;0.9;2500;0;384.440366972477
dog;australian sheperd;female;14/05/2020;2;1;2500;0;624.990825688073
dog;australian sheperd;female;14/05/2020;2;0.8;3000;0;373.43119266055
dog;australian sheperd;female;14/05/2020;2;0.9;3000;0;413.614678899083
dog;australian sheperd;female;14/05/2020;2;1;3000;0;676.293577981651
dog;german sheperd;female;01/01/2024;2;0.5;1000;0;165.798165137615
dog;german sheperd;female;01/01/2024;2;0.6;1000;0;191.669724770642
dog;german sheperd;female;01/01/2024;2;0.7;1000;0;215.229357798165
dog;german sheperd;female;01/01/2024;2;0.5;1500;0;201.577981651376
dog;german sheperd;female;01/01/2024;2;0.6;1500;0;235.045871559633
dog;german sheperd;female;01/01/2024;2;0.7;1500;0;265.761467889908
dog;german sheperd;female;01/01/2024;2;0.5;2000;0;236.366972477064
dog;german sheperd;female;01/01/2024;2;0.6;2000;0;277.871559633028
dog;german sheperd;female;01/01/2024;2;0.7;2000;0;316.183486238532
dog;german sheperd;female;01/01/2024;2;0.8;1000;0;246.165137614679
dog;german sheperd;female;01/01/2024;2;0.9;1000;0;276.880733944954
dog;german sheperd;female;01/01/2024;2;1;1000;0;399.963302752294
dog;german sheperd;female;01/01/2024;2;0.8;1500;0;303.853211009174
dog;german sheperd;female;01/01/2024;2;0.9;1500;0;341.724770642202
dog;german sheperd;female;01/01/2024;2;1;1500;0;493.54128440367
dog;german sheperd;female;01/01/2024;2;0.8;2000;0;322.899082568807
dog;german sheperd;female;01/01/2024;2;0.9;2000;0;352.954128440367
dog;german sheperd;female;01/01/2024;2;1;2000;0;570.495412844037
dog;german sheperd;female;01/01/2024;2;0.8;2500;0;338.422018348624
dog;german sheperd;female;01/01/2024;2;0.9;2500;0;372.330275229358
dog;german sheperd;female;01/01/2024;2;1;2500;0;605.174311926605
dog;german sheperd;female;01/01/2024;2;0.8;3000;0;361.651376146789
dog;german sheperd;female;01/01/2024;2;0.9;3000;0;400.51376146789
dog;german sheperd;female;01/01/2024;2;1;3000;0;654.935779816514
dog;german sheperd;female;14/05/2022;2;0.5;1000;0;180.880733944954
dog;german sheperd;female;14/05/2022;2;0.6;1000;0;209.064220183486
dog;german sheperd;female;14/05/2022;2;0.7;1000;0;234.825688073394
dog;german sheperd;female;14/05/2022;2;0.5;1500;0;219.853211009174
dog;german sheperd;female;14/05/2022;2;0.6;1500;0;256.403669724771
dog;german sheperd;female;14/05/2022;2;0.7;1500;0;289.761467889908
dog;german sheperd;female;14/05/2022;2;0.5;2000;0;257.724770642202
dog;german sheperd;female;14/05/2022;2;0.6;2000;0;302.97247706422
dog;german sheperd;female;14/05/2022;2;0.7;2000;0;344.807339449541
dog;german sheperd;female;14/05/2022;2;0.8;1000;0;268.293577981651
dog;german sheperd;female;14/05/2022;2;0.9;1000;0;301.871559633028
dog;german sheperd;female;14/05/2022;2;1;1000;0;436.183486238532
dog;german sheperd;female;14/05/2022;2;0.8;1500;0;331.266055045871
dog;german sheperd;female;14/05/2022;2;0.9;1500;0;372.550458715596
dog;german sheperd;female;14/05/2022;2;1;1500;0;538.348623853211
dog;german sheperd;female;14/05/2022;2;0.8;2000;0;352.073394495413
dog;german sheperd;female;14/05/2022;2;0.9;2000;0;384.880733944954
dog;german sheperd;female;14/05/2022;2;1;2000;0;622.128440366972
dog;german sheperd;female;14/05/2022;2;0.8;2500;0;369.02752293578
dog;german sheperd;female;14/05/2022;2;0.9;2500;0;406.128440366972
dog;german sheperd;female;14/05/2022;2;1;2500;0;659.889908256881
dog;german sheperd;female;14/05/2022;2;0.8;3000;0;394.348623853211
dog;german sheperd;female;14/05/2022;2;0.9;3000;0;436.844036697248
dog;german sheperd;female;14/05/2022;2;1;3000;0;714.165137614679
dog;german sheperd;female;14/05/2020;2;0.5;1000;0;223.48623853211
dog;german sheperd;female;14/05/2020;2;0.6;1000;0;258.165137614679
dog;german sheperd;female;14/05/2020;2;0.7;1000;0;290.091743119266
dog;german sheperd;female;14/05/2020;2;0.5;1500;0;271.596330275229
dog;german sheperd;female;14/05/2020;2;0.6;1500;0;316.733944954128
dog;german sheperd;female;14/05/2020;2;0.7;1500;0;357.908256880734
dog;german sheperd;female;14/05/2020;2;0.5;2000;0;318.495412844037
dog;german sheperd;female;14/05/2020;2;0.6;2000;0;374.311926605505
dog;german sheperd;female;14/05/2020;2;0.7;2000;0;425.834862385321
dog;german sheperd;female;14/05/2020;2;0.8;1000;0;331.48623853211
dog;german sheperd;female;14/05/2020;2;0.9;1000;0;372.990825688073
dog;german sheperd;female;14/05/2020;2;1;1000;0;538.788990825688
dog;german sheperd;female;14/05/2020;2;0.8;1500;0;409.211009174312
dog;german sheperd;female;14/05/2020;2;0.9;1500;0;460.293577981651
dog;german sheperd;female;14/05/2020;2;1;1500;0;664.954128440367
dog;german sheperd;female;14/05/2020;2;0.8;2000;0;434.97247706422
dog;german sheperd;female;14/05/2020;2;0.9;2000;0;475.48623853211
dog;german sheperd;female;14/05/2020;2;1;2000;0;768.330275229358
dog;german sheperd;female;14/05/2020;2;0.8;2500;0;455.889908256881
dog;german sheperd;female;14/05/2020;2;0.9;2500;0;501.577981651376
dog;german sheperd;female;14/05/2020;2;1;2500;0;815.119266055046
dog;german sheperd;female;14/05/2020;2;0.8;3000;0;487.155963302752
dog;german sheperd;female;14/05/2020;2;0.9;3000;0;539.559633027523
dog;german sheperd;female;14/05/2020;2;1;3000;0;882.275229357798
dog;french bulldog;female;01/01/2024;2;0.5;1000;0;228.880733944954
dog;french bulldog;female;01/01/2024;2;0.6;1000;0;264.330275229358
dog;french bulldog;female;01/01/2024;2;0.7;1000;0;297.02752293578
dog;french bulldog;female;01/01/2024;2;0.5;1500;0;278.201834862385
dog;french bulldog;female;01/01/2024;2;0.6;1500;0;324.330275229358
dog;french bulldog;female;01/01/2024;2;0.7;1500;0;366.605504587156
dog;french bulldog;female;01/01/2024;2;0.5;2000;0;326.091743119266
dog;french bulldog;female;01/01/2024;2;0.6;2000;0;383.229357798165
dog;french bulldog;female;01/01/2024;2;0.7;2000;0;436.183486238532
dog;french bulldog;female;01/01/2024;2;0.8;1000;0;339.522935779816
dog;french bulldog;female;01/01/2024;2;0.9;1000;0;381.908256880734
dog;french bulldog;female;01/01/2024;2;1;1000;0;551.779816513761
dog;french bulldog;female;01/01/2024;2;0.8;1500;0;419.009174311927
dog;french bulldog;female;01/01/2024;2;0.9;1500;0;471.412844036697
dog;french bulldog;female;01/01/2024;2;1;1500;0;680.917431192661
dog;french bulldog;female;01/01/2024;2;0.8;2000;0;445.43119266055
dog;french bulldog;female;01/01/2024;2;0.9;2000;0;486.825688073394
dog;french bulldog;female;01/01/2024;2;1;2000;0;786.825688073394
dog;french bulldog;female;01/01/2024;2;0.8;2500;0;466.788990825688
dog;french bulldog;female;01/01/2024;2;0.9;2500;0;513.577981651376
dog;french bulldog;female;01/01/2024;2;1;2500;0;834.825688073394
dog;french bulldog;female;01/01/2024;2;0.8;3000;0;498.825688073394
dog;french bulldog;female;01/01/2024;2;0.9;3000;0;552.440366972477
dog;french bulldog;female;01/01/2024;2;1;3000;0;903.412844036697
dog;french bulldog;female;14/05/2022;2;0.5;1000;0;243.082568807339
dog;french bulldog;female;14/05/2022;2;0.6;1000;0;280.954128440367
dog;french bulldog;female;14/05/2022;2;0.7;1000;0;315.633027522936
dog;french bulldog;female;14/05/2022;2;0.5;1500;0;295.596330275229
dog;french bulldog;female;14/05/2022;2;0.6;1500;0;344.587155963303
dog;french bulldog;female;14/05/2022;2;0.7;1500;0;389.504587155963
dog;french bulldog;female;14/05/2022;2;0.5;2000;0;346.45871559633
dog;french bulldog;female;14/05/2022;2;0.6;2000;0;407.229357798165
dog;french bulldog;female;14/05/2022;2;0.7;2000;0;463.48623853211
dog;french bulldog;female;14/05/2022;2;0.8;1000;0;360.770642201835
dog;french bulldog;female;14/05/2022;2;0.9;1000;0;405.798165137615
dog;french bulldog;female;14/05/2022;2;1;1000;0;586.238532110092
dog;french bulldog;female;14/05/2022;2;0.8;1500;0;445.211009174312
dog;french bulldog;female;14/05/2022;2;0.9;1500;0;500.807339449541
dog;french bulldog;female;14/05/2022;2;1;1500;0;723.522935779816
dog;french bulldog;female;14/05/2022;2;0.8;2000;0;473.284403669725
dog;french bulldog;female;14/05/2022;2;0.9;2000;0;517.321100917431
dog;french bulldog;female;14/05/2022;2;1;2000;0;836.036697247706
dog;french bulldog;female;14/05/2022;2;0.8;2500;0;495.963302752293
dog;french bulldog;female;14/05/2022;2;0.9;2500;0;545.724770642202
dog;french bulldog;female;14/05/2022;2;1;2500;0;886.899082568807
dog;french bulldog;female;14/05/2022;2;0.8;3000;0;530.091743119266
dog;french bulldog;female;14/05/2022;2;0.9;3000;0;587.009174311927
dog;french bulldog;female;14/05/2022;2;1;3000;0;959.889908256881
dog;french bulldog;female;14/05/2020;2;0.5;1000;0;300.220183486239
dog;french bulldog;female;14/05/2020;2;0.6;1000;0;347.009174311927
dog;french bulldog;female;14/05/2020;2;0.7;1000;0;389.724770642202
dog;french bulldog;female;14/05/2020;2;0.5;1500;0;365.064220183486
dog;french bulldog;female;14/05/2020;2;0.6;1500;0;425.614678899082
dog;french bulldog;female;14/05/2020;2;0.7;1500;0;481.100917431193
dog;french bulldog;female;14/05/2020;2;0.5;2000;0;428.036697247706
dog;french bulldog;female;14/05/2020;2;0.6;2000;0;503.009174311927
dog;french bulldog;female;14/05/2020;2;0.7;2000;0;572.477064220183
dog;french bulldog;female;14/05/2020;2;0.8;1000;0;445.54128440367
dog;french bulldog;female;14/05/2020;2;0.9;1000;0;501.247706422018
dog;french bulldog;female;14/05/2020;2;1;1000;0;724.183486238532
dog;french bulldog;female;14/05/2020;2;0.8;1500;0;549.908256880734
dog;french bulldog;female;14/05/2020;2;0.9;1500;0;618.605504587156
dog;french bulldog;female;14/05/2020;2;1;1500;0;893.614678899082
dog;french bulldog;female;14/05/2020;2;0.8;2000;0;584.587155963303
dog;french bulldog;female;14/05/2020;2;0.9;2000;0;638.97247706422
dog;french bulldog;female;14/05/2020;2;1;2000;0;1032.77064220183
dog;french bulldog;female;14/05/2020;2;0.8;2500;0;612.770642201835
dog;french bulldog;female;14/05/2020;2;0.9;2500;0;674.201834862385
dog;french bulldog;female;14/05/2020;2;1;2500;0;1095.63302752294
dog;french bulldog;female;14/05/2020;2;0.8;3000;0;654.715596330275
dog;french bulldog;female;14/05/2020;2;0.9;3000;0;725.174311926605
dog;french bulldog;female;14/05/2020;2;1;3000;0;1185.6880733945
dog;australian sheperd;female;01/01/2024;3;0.6;1000;0;129.247706422018
dog;australian sheperd;female;01/01/2024;3;0.7;1000;0;153.02752293578
dog;australian sheperd;female;01/01/2024;3;0.8;1000;0;177.137614678899
dog;australian sheperd;female;01/01/2024;3;0.9;1000;0;201.467889908257
dog;australian sheperd;female;01/01/2024;3;0.6;1200;0;144.440366972477
dog;australian sheperd;female;01/01/2024;3;0.7;1200;0;171.633027522936
dog;australian sheperd;female;01/01/2024;3;0.8;1200;0;199.266055045872
dog;australian sheperd;female;01/01/2024;3;0.9;1200;0;227.119266055046
dog;australian sheperd;female;01/01/2024;3;0.6;1400;0;158.311926605505
dog;australian sheperd;female;01/01/2024;3;0.7;1400;0;188.697247706422
dog;australian sheperd;female;01/01/2024;3;0.8;1400;0;219.633027522936
dog;australian sheperd;female;01/01/2024;3;0.9;1400;0;251.009174311927
dog;australian sheperd;female;01/01/2024;3;0.6;1500;0;165.02752293578
dog;australian sheperd;female;01/01/2024;3;0.7;1500;0;196.844036697248
dog;australian sheperd;female;01/01/2024;3;0.8;1500;0;229.321100917431
dog;australian sheperd;female;01/01/2024;3;0.9;1500;0;262.348623853211
dog;australian sheperd;female;01/01/2024;3;0.6;1600;0;171.522935779817
dog;australian sheperd;female;01/01/2024;3;0.7;1600;0;204.660550458716
dog;australian sheperd;female;01/01/2024;3;0.8;1600;0;238.56880733945
dog;australian sheperd;female;01/01/2024;3;0.9;1600;0;273.247706422018
dog;australian sheperd;female;01/01/2024;3;1;1000;0;246.05504587156
dog;australian sheperd;female;01/01/2024;3;1;1200;0;278.311926605505
dog;australian sheperd;female;01/01/2024;3;0.6;1800;0;183.853211009174
dog;australian sheperd;female;01/01/2024;3;0.7;1800;0;219.853211009174
dog;australian sheperd;female;01/01/2024;3;0.8;1800;0;256.733944954128
dog;australian sheperd;female;01/01/2024;3;0.9;1800;0;294.385321100917
dog;australian sheperd;female;01/01/2024;3;1;1400;0;330.385321100917
dog;australian sheperd;female;01/01/2024;3;1;1500;0;345.357798165138
dog;australian sheperd;female;01/01/2024;3;0.6;2000;0;195.853211009174
dog;australian sheperd;female;01/01/2024;3;0.7;2000;0;234.385321100917
dog;australian sheperd;female;01/01/2024;3;0.8;2000;0;273.908256880734
dog;australian sheperd;female;01/01/2024;3;0.9;2000;0;314.532110091743
dog;australian sheperd;female;01/01/2024;3;1;1600;0;360.220183486239
dog;australian sheperd;female;01/01/2024;3;1;1800;0;408.220183486239
dog;australian sheperd;female;01/01/2024;3;0.6;2500;0;224.146788990826
dog;australian sheperd;female;01/01/2024;3;0.7;2500;0;268.844036697248
dog;australian sheperd;female;01/01/2024;3;0.8;2500;0;314.642201834862
dog;australian sheperd;female;01/01/2024;3;0.9;2500;0;361.651376146789
dog;australian sheperd;female;01/01/2024;3;1;2000;0;436.403669724771
dog;australian sheperd;female;01/01/2024;3;1;2500;0;502.678899082569
dog;australian sheperd;female;01/05/2022;3;0.6;1000;0;137.504587155963
dog;australian sheperd;female;01/05/2022;3;0.7;1000;0;162.715596330275
dog;australian sheperd;female;01/05/2022;3;0.8;1000;0;188.477064220183
dog;australian sheperd;female;01/05/2022;3;0.9;1000;0;214.238532110092
dog;australian sheperd;female;01/05/2022;3;1;1000;0;261.577981651376
dog;australian sheperd;female;01/05/2022;3;0.6;1200;0;153.577981651376
dog;australian sheperd;female;01/05/2022;3;0.7;1200;0;182.422018348624
dog;australian sheperd;female;01/05/2022;3;0.8;1200;0;211.706422018349
dog;australian sheperd;female;01/05/2022;3;0.9;1200;0;241.54128440367
dog;australian sheperd;female;01/05/2022;3;1;1200;0;295.706422018349
dog;australian sheperd;female;01/05/2022;3;0.6;1400;0;168.440366972477
dog;australian sheperd;female;01/05/2022;3;0.7;1400;0;200.477064220183
dog;australian sheperd;female;01/05/2022;3;0.8;1400;0;233.284403669725
dog;australian sheperd;female;01/05/2022;3;0.9;1400;0;266.642201834862
dog;australian sheperd;female;01/05/2022;3;1;1400;0;350.97247706422
dog;australian sheperd;female;01/05/2022;3;0.6;1500;0;175.266055045872
dog;australian sheperd;female;01/05/2022;3;0.7;1500;0;209.174311926605
dog;australian sheperd;female;01/05/2022;3;0.8;1500;0;243.633027522936
dog;australian sheperd;female;01/05/2022;3;0.9;1500;0;278.752293577982
dog;australian sheperd;female;01/05/2022;3;1;1500;0;367.045871559633
dog;australian sheperd;female;01/05/2022;3;0.6;1600;0;182.201834862385
dog;australian sheperd;female;01/05/2022;3;0.7;1600;0;217.43119266055
dog;australian sheperd;female;01/05/2022;3;0.8;1600;0;253.651376146789
dog;australian sheperd;female;01/05/2022;3;0.9;1600;0;290.311926605505
dog;australian sheperd;female;01/05/2022;3;1;1600;0;382.45871559633
dog;australian sheperd;female;01/05/2022;3;0.6;1800;0;195.302752293578
dog;australian sheperd;female;01/05/2022;3;0.7;1800;0;233.724770642202
dog;australian sheperd;female;01/05/2022;3;0.8;1800;0;272.697247706422
dog;australian sheperd;female;01/05/2022;3;0.9;1800;0;312.660550458716
dog;australian sheperd;female;01/05/2022;3;1;1800;0;433.54128440367
dog;australian sheperd;female;01/05/2022;3;0.6;2000;0;208.183486238532
dog;australian sheperd;female;01/05/2022;3;0.7;2000;0;248.917431192661
dog;australian sheperd;female;01/05/2022;3;0.8;2000;0;291.082568807339
dog;australian sheperd;female;01/05/2022;3;0.9;2000;0;334.128440366972
dog;australian sheperd;female;01/05/2022;3;1;2000;0;463.706422018349
dog;australian sheperd;female;01/05/2022;3;0.6;2500;0;238.018348623853
dog;australian sheperd;female;01/05/2022;3;0.7;2500;0;285.467889908257
dog;australian sheperd;female;01/05/2022;3;0.8;2500;0;334.238532110092
dog;australian sheperd;female;01/05/2022;3;0.9;2500;0;384.110091743119
dog;australian sheperd;female;01/05/2022;3;1;2500;0;534.05504587156
dog;australian sheperd;female;01/05/2020;3;0.6;1000;0;161.724770642202
dog;australian sheperd;female;01/05/2020;3;0.7;1000;0;191.559633027523
dog;australian sheperd;female;01/05/2020;3;0.8;1000;0;221.504587155963
dog;australian sheperd;female;01/05/2020;3;0.9;1000;0;252
dog;australian sheperd;female;01/05/2020;3;1;1000;0;307.48623853211
dog;australian sheperd;female;01/05/2020;3;1;1200;0;348
dog;australian sheperd;female;01/05/2020;3;0.6;1200;0;180.660550458716
dog;australian sheperd;female;01/05/2020;3;0.7;1200;0;214.678899082569
dog;australian sheperd;female;01/05/2020;3;0.8;1200;0;249.02752293578
dog;australian sheperd;female;01/05/2020;3;0.9;1200;0;284.036697247706
dog;australian sheperd;female;01/05/2020;3;1;1400;0;412.844036697248
dog;australian sheperd;female;01/05/2020;3;1;1500;0;431.779816513761
dog;australian sheperd;female;01/05/2020;3;0.6;1400;0;197.94495412844
dog;australian sheperd;female;01/05/2020;3;0.7;1400;0;235.926605504587
dog;australian sheperd;female;01/05/2020;3;0.8;1400;0;274.45871559633
dog;australian sheperd;female;01/05/2020;3;0.9;1400;0;313.871559633028
dog;australian sheperd;female;01/05/2020;3;1;1600;0;450.275229357798
dog;australian sheperd;female;01/05/2020;3;1;1800;0;510.165137614679
dog;australian sheperd;female;01/05/2020;3;0.6;1500;0;206.311926605505
dog;australian sheperd;female;01/05/2020;3;0.7;1500;0;245.94495412844
dog;australian sheperd;female;01/05/2020;3;0.8;1500;0;286.678899082569
dog;australian sheperd;female;01/05/2020;3;0.9;1500;0;327.853211009174
dog;australian sheperd;female;01/05/2020;3;1;2000;0;545.504587155963
dog;australian sheperd;female;01/05/2020;3;1;2500;0;628.293577981651
dog;australian sheperd;female;01/05/2020;3;0.6;1600;0;214.348623853211
dog;australian sheperd;female;01/05/2020;3;0.7;1600;0;255.743119266055
dog;australian sheperd;female;01/05/2020;3;0.8;1600;0;298.348623853211
dog;australian sheperd;female;01/05/2020;3;0.9;1600;0;341.614678899083
dog;australian sheperd;female;01/05/2020;3;0.6;1800;0;229.871559633028
dog;australian sheperd;female;01/05/2020;3;0.7;1800;0;274.678899082569
dog;australian sheperd;female;01/05/2020;3;0.8;1800;0;320.807339449541
dog;australian sheperd;female;01/05/2020;3;0.9;1800;0;367.816513761468
dog;australian sheperd;female;01/05/2020;3;0.6;2000;0;244.733944954128
dog;australian sheperd;female;01/05/2020;3;0.7;2000;0;292.844036697248
dog;australian sheperd;female;01/05/2020;3;0.8;2000;0;342.495412844037
dog;australian sheperd;female;01/05/2020;3;0.9;2000;0;393.02752293578
dog;australian sheperd;female;01/05/2020;3;0.6;2500;0;280.183486238532
dog;australian sheperd;female;01/05/2020;3;0.7;2500;0;335.779816513761
dog;australian sheperd;female;01/05/2020;3;0.8;2500;0;393.137614678899
dog;australian sheperd;female;01/05/2020;3;0.9;2500;0;452.146788990826
dog;french bulldog;female;01/01/2024;3;0.6;1000;0;246.275229357798
dog;french bulldog;female;01/01/2024;3;0.7;1000;0;291.633027522936
dog;french bulldog;female;01/01/2024;3;0.8;1000;0;337.43119266055
dog;french bulldog;female;01/01/2024;3;0.9;1000;0;383.779816513761
dog;french bulldog;female;01/01/2024;3;0.6;1200;0;275.229357798165
dog;french bulldog;female;01/01/2024;3;0.7;1200;0;326.862385321101
dog;french bulldog;female;01/01/2024;3;0.8;1200;0;379.596330275229
dog;french bulldog;female;01/01/2024;3;0.9;1200;0;432.660550458716
dog;french bulldog;female;01/01/2024;3;0.6;1400;0;301.54128440367
dog;french bulldog;female;01/01/2024;3;0.7;1400;0;359.449541284404
dog;french bulldog;female;01/01/2024;3;0.8;1400;0;418.348623853211
dog;french bulldog;female;01/01/2024;3;0.9;1400;0;478.238532110092
dog;french bulldog;female;01/01/2024;3;0.6;1500;0;314.422018348624
dog;french bulldog;female;01/01/2024;3;0.7;1500;0;375.082568807339
dog;french bulldog;female;01/01/2024;3;0.8;1500;0;436.733944954128
dog;french bulldog;female;01/01/2024;3;0.9;1500;0;499.706422018349
dog;french bulldog;female;01/01/2024;3;0.6;1600;0;326.642201834862
dog;french bulldog;female;01/01/2024;3;0.7;1600;0;389.834862385321
dog;french bulldog;female;01/01/2024;3;0.8;1600;0;454.348623853211
dog;french bulldog;female;01/01/2024;3;0.9;1600;0;520.403669724771
dog;french bulldog;female;01/01/2024;3;1;1000;0;468.770642201835
dog;french bulldog;female;01/01/2024;3;1;1200;0;530.201834862385
dog;french bulldog;female;01/01/2024;3;0.6;1800;0;350.201834862385
dog;french bulldog;female;01/01/2024;3;0.7;1800;0;418.788990825688
dog;french bulldog;female;01/01/2024;3;0.8;1800;0;488.917431192661
dog;french bulldog;female;01/01/2024;3;0.9;1800;0;560.587155963303
dog;french bulldog;female;01/01/2024;3;1;1400;0;629.284403669725
dog;french bulldog;female;01/01/2024;3;1;1500;0;657.908256880734
dog;french bulldog;female;01/01/2024;3;0.6;2000;0;372.990825688073
dog;french bulldog;female;01/01/2024;3;0.7;2000;0;446.422018348624
dog;french bulldog;female;01/01/2024;3;0.8;2000;0;521.724770642202
dog;french bulldog;female;01/01/2024;3;0.9;2000;0;599.009174311926
dog;french bulldog;female;01/01/2024;3;1;1600;0;686.091743119266
dog;french bulldog;female;01/01/2024;3;1;1800;0;777.467889908257
dog;french bulldog;female;01/01/2024;3;0.6;2500;0;427.045871559633
dog;french bulldog;female;01/01/2024;3;0.7;2500;0;512.036697247706
dog;french bulldog;female;01/01/2024;3;0.8;2500;0;599.339449541284
dog;french bulldog;female;01/01/2024;3;0.9;2500;0;688.844036697248
dog;french bulldog;female;01/01/2024;3;1;2000;0;831.192660550459
dog;french bulldog;female;01/01/2024;3;1;2500;0;957.467889908257
dog;french bulldog;female;01/05/2022;3;0.6;1000;0;261.908256880734
dog;french bulldog;female;01/05/2022;3;0.7;1000;0;310.018348623853
dog;french bulldog;female;01/05/2022;3;0.8;1000;0;358.899082568807
dog;french bulldog;female;01/05/2022;3;0.9;1000;0;408.110091743119
dog;french bulldog;female;01/05/2022;3;1;1000;0;498.165137614679
dog;french bulldog;female;01/05/2022;3;0.6;1200;0;292.623853211009
dog;french bulldog;female;01/05/2022;3;0.7;1200;0;347.339449541284
dog;french bulldog;female;01/05/2022;3;0.8;1200;0;403.155963302752
dog;french bulldog;female;01/05/2022;3;0.9;1200;0;460.073394495413
dog;french bulldog;female;01/05/2022;3;1;1200;0;563.229357798165
dog;french bulldog;female;01/05/2022;3;0.6;1400;0;320.807339449541
dog;french bulldog;female;01/05/2022;3;0.7;1400;0;381.908256880734
dog;french bulldog;female;01/05/2022;3;0.8;1400;0;444.440366972477
dog;french bulldog;female;01/05/2022;3;0.9;1400;0;507.853211009174
dog;french bulldog;female;01/05/2022;3;1;1400;0;668.366972477064
dog;french bulldog;female;01/05/2022;3;0.6;1500;0;333.798165137615
dog;french bulldog;female;01/05/2022;3;0.7;1500;0;398.311926605505
dog;french bulldog;female;01/05/2022;3;0.8;1500;0;464.146788990826
dog;french bulldog;female;01/05/2022;3;0.9;1500;0;530.97247706422
dog;french bulldog;female;01/05/2022;3;1;1500;0;699.082568807339
dog;french bulldog;female;01/05/2022;3;0.6;1600;0;347.119266055046
dog;french bulldog;female;01/05/2022;3;0.7;1600;0;414.165137614679
dog;french bulldog;female;01/05/2022;3;0.8;1600;0;483.082568807339
dog;french bulldog;female;01/05/2022;3;0.9;1600;0;552.990825688073
dog;french bulldog;female;01/05/2022;3;1;1600;0;728.587155963303
dog;french bulldog;female;01/05/2022;3;0.6;1800;0;372
dog;french bulldog;female;01/05/2022;3;0.7;1800;0;445.211009174312
dog;french bulldog;female;01/05/2022;3;0.8;1800;0;519.412844036697
dog;french bulldog;female;01/05/2022;3;0.9;1800;0;595.48623853211
dog;french bulldog;female;01/05/2022;3;1;1800;0;825.908256880734
dog;french bulldog;female;01/05/2022;3;0.6;2000;0;396.550458715596
dog;french bulldog;female;01/05/2022;3;0.7;2000;0;474.165137614679
dog;french bulldog;female;01/05/2022;3;0.8;2000;0;554.532110091743
dog;french bulldog;female;01/05/2022;3;0.9;2000;0;636.440366972477
dog;french bulldog;female;01/05/2022;3;1;2000;0;883.155963302752
dog;french bulldog;female;01/05/2022;3;0.6;2500;0;453.357798165138
dog;french bulldog;female;01/05/2022;3;0.7;2500;0;543.743119266055
dog;french bulldog;female;01/05/2022;3;0.8;2500;0;636.660550458716
dog;french bulldog;female;01/05/2022;3;0.9;2500;0;731.669724770642
dog;french bulldog;female;01/05/2022;3;1;2500;0;1017.35779816514
dog;french bulldog;female;01/05/2020;3;0.6;1000;0;307.926605504587
dog;french bulldog;female;01/05/2020;3;0.7;1000;0;364.844036697248
dog;french bulldog;female;01/05/2020;3;0.8;1000;0;421.871559633028
dog;french bulldog;female;01/05/2020;3;0.9;1000;0;480
dog;french bulldog;female;01/05/2020;3;1;1000;0;585.688073394495
dog;french bulldog;female;01/05/2020;3;1;1200;0;662.752293577982
dog;french bulldog;female;01/05/2020;3;0.6;1200;0;344.036697247706
dog;french bulldog;female;01/05/2020;3;0.7;1200;0;408.880733944954
dog;french bulldog;female;01/05/2020;3;0.8;1200;0;474.385321100917
dog;french bulldog;female;01/05/2020;3;0.9;1200;0;540.880733944954
dog;french bulldog;female;01/05/2020;3;1;1400;0;786.385321100917
dog;french bulldog;female;01/05/2020;3;1;1500;0;822.495412844037
dog;french bulldog;female;01/05/2020;3;0.6;1400;0;377.064220183486
dog;french bulldog;female;01/05/2020;3;0.7;1400;0;449.284403669725
dog;french bulldog;female;01/05/2020;3;0.8;1400;0;522.715596330275
dog;french bulldog;female;01/05/2020;3;0.9;1400;0;597.798165137615
dog;french bulldog;female;01/05/2020;3;1;1600;0;857.614678899083
dog;french bulldog;female;01/05/2020;3;1;1800;0;971.779816513761
dog;french bulldog;female;01/05/2020;3;0.6;1500;0;392.917431192661
dog;french bulldog;female;01/05/2020;3;0.7;1500;0;468.440366972477
dog;french bulldog;female;01/05/2020;3;0.8;1500;0;546.05504587156
dog;french bulldog;female;01/05/2020;3;0.9;1500;0;624.330275229358
dog;french bulldog;female;01/05/2020;3;1;2000;0;1039.15596330275
dog;french bulldog;female;01/05/2020;3;1;2500;0;1196.80733944954
dog;french bulldog;female;01/05/2020;3;0.6;1600;0;408.330275229358
dog;french bulldog;female;01/05/2020;3;0.7;1600;0;487.155963302752
dog;french bulldog;female;01/05/2020;3;0.8;1600;0;568.293577981651
dog;french bulldog;female;01/05/2020;3;0.9;1600;0;650.752293577982
dog;french bulldog;female;01/05/2020;3;0.6;1800;0;437.724770642202
dog;french bulldog;female;01/05/2020;3;0.7;1800;0;523.266055045872
dog;french bulldog;female;01/05/2020;3;0.8;1800;0;611.119266055046
dog;french bulldog;female;01/05/2020;3;0.9;1800;0;700.623853211009
dog;french bulldog;female;01/05/2020;3;0.6;2000;0;466.128440366972
dog;french bulldog;female;01/05/2020;3;0.7;2000;0;557.834862385321
dog;french bulldog;female;01/05/2020;3;0.8;2000;0;652.293577981651
dog;french bulldog;female;01/05/2020;3;0.9;2000;0;748.51376146789
dog;french bulldog;female;01/05/2020;3;0.6;2500;0;533.724770642202
dog;french bulldog;female;01/05/2020;3;0.7;2500;0;639.522935779817
dog;french bulldog;female;01/05/2020;3;0.8;2500;0;748.844036697248
dog;french bulldog;female;01/05/2020;3;0.9;2500;0;861.137614678899
dog;german sheperd;female;01/01/2024;3;0.6;1000;0;166.238532110092
dog;german sheperd;female;01/01/2024;3;0.7;1000;0;196.844036697248
dog;german sheperd;female;01/01/2024;3;0.8;1000;0;227.779816513761
dog;german sheperd;female;01/01/2024;3;0.9;1000;0;259.045871559633
dog;german sheperd;female;01/01/2024;3;0.6;1200;0;185.724770642202
dog;german sheperd;female;01/01/2024;3;0.7;1200;0;220.623853211009
dog;german sheperd;female;01/01/2024;3;0.8;1200;0;256.293577981651
dog;german sheperd;female;01/01/2024;3;0.9;1200;0;292.073394495413
dog;german sheperd;female;01/01/2024;3;0.6;1400;0;203.559633027523
dog;german sheperd;female;01/01/2024;3;0.7;1400;0;242.642201834862
dog;german sheperd;female;01/01/2024;3;0.8;1400;0;282.385321100917
dog;german sheperd;female;01/01/2024;3;0.9;1400;0;322.788990825688
dog;german sheperd;female;01/01/2024;3;0.6;1500;0;212.146788990826
dog;german sheperd;female;01/01/2024;3;0.7;1500;0;253.100917431193
dog;german sheperd;female;01/01/2024;3;0.8;1500;0;294.825688073394
dog;german sheperd;female;01/01/2024;3;0.9;1500;0;337.321100917431
dog;german sheperd;female;01/01/2024;3;0.6;1600;0;220.51376146789
dog;german sheperd;female;01/01/2024;3;0.7;1600;0;263.229357798165
dog;german sheperd;female;01/01/2024;3;0.8;1600;0;306.715596330275
dog;german sheperd;female;01/01/2024;3;0.9;1600;0;351.302752293578
dog;german sheperd;female;01/01/2024;3;1;1000;0;316.403669724771
dog;german sheperd;female;01/01/2024;3;1;1200;0;357.908256880734
dog;german sheperd;female;01/01/2024;3;0.6;1800;0;236.366972477064
dog;german sheperd;female;01/01/2024;3;0.7;1800;0;282.715596330275
dog;german sheperd;female;01/01/2024;3;0.8;1800;0;330.05504587156
dog;german sheperd;female;01/01/2024;3;0.9;1800;0;378.385321100917
dog;german sheperd;female;01/01/2024;3;1;1400;0;424.733944954128
dog;german sheperd;female;01/01/2024;3;1;1500;0;444.110091743119
dog;german sheperd;female;01/01/2024;3;0.6;2000;0;251.779816513761
dog;german sheperd;female;01/01/2024;3;0.7;2000;0;301.321100917431
dog;german sheperd;female;01/01/2024;3;0.8;2000;0;352.183486238532
dog;german sheperd;female;01/01/2024;3;0.9;2000;0;404.366972477064
dog;german sheperd;female;01/01/2024;3;1;1600;0;463.155963302752
dog;german sheperd;female;01/01/2024;3;1;1800;0;524.807339449541
dog;german sheperd;female;01/01/2024;3;0.6;2500;0;288.220183486238
dog;german sheperd;female;01/01/2024;3;0.7;2500;0;345.577981651376
dog;german sheperd;female;01/01/2024;3;0.8;2500;0;404.477064220183
dog;german sheperd;female;01/01/2024;3;0.9;2500;0;465.02752293578
dog;german sheperd;female;01/01/2024;3;1;2000;0;561.02752293578
dog;german sheperd;female;01/01/2024;3;1;2500;0;646.238532110092
dog;german sheperd;female;01/05/2022;3;0.6;1000;0;176.807339449541
dog;german sheperd;female;01/05/2022;3;0.7;1000;0;209.284403669725
dog;german sheperd;female;01/05/2022;3;0.8;1000;0;242.311926605505
dog;german sheperd;female;01/05/2022;3;0.9;1000;0;275.449541284404
dog;german sheperd;female;01/05/2022;3;1;1000;0;336.220183486239
dog;german sheperd;female;01/05/2022;3;0.6;1200;0;197.504587155963
dog;german sheperd;female;01/05/2022;3;0.7;1200;0;234.495412844037
dog;german sheperd;female;01/05/2022;3;0.8;1200;0;272.146788990826
dog;german sheperd;female;01/05/2022;3;0.9;1200;0;310.56880733945
dog;german sheperd;female;01/05/2022;3;1;1200;0;380.146788990826
dog;german sheperd;female;01/05/2022;3;0.6;1400;0;216.550458715596
dog;german sheperd;female;01/05/2022;3;0.7;1400;0;257.834862385321
dog;german sheperd;female;01/05/2022;3;0.8;1400;0;300
dog;german sheperd;female;01/05/2022;3;0.9;1400;0;342.825688073394
dog;german sheperd;female;01/05/2022;3;1;1400;0;451.155963302752
dog;german sheperd;female;01/05/2022;3;0.6;1500;0;225.357798165138
dog;german sheperd;female;01/05/2022;3;0.7;1500;0;268.844036697248
dog;german sheperd;female;01/05/2022;3;0.8;1500;0;313.321100917431
dog;german sheperd;female;01/05/2022;3;0.9;1500;0;358.348623853211
dog;german sheperd;female;01/05/2022;3;1;1500;0;471.963302752293
dog;german sheperd;female;01/05/2022;3;0.6;1600;0;234.275229357798
dog;german sheperd;female;01/05/2022;3;0.7;1600;0;279.633027522936
dog;german sheperd;female;01/05/2022;3;0.8;1600;0;326.091743119266
dog;german sheperd;female;01/05/2022;3;0.9;1600;0;373.211009174312
dog;german sheperd;female;01/05/2022;3;1;1600;0;491.779816513761
dog;german sheperd;female;01/05/2022;3;0.6;1800;0;251.119266055046
dog;german sheperd;female;01/05/2022;3;0.7;1800;0;300.550458715596
dog;german sheperd;female;01/05/2022;3;0.8;1800;0;350.642201834862
dog;german sheperd;female;01/05/2022;3;0.9;1800;0;401.94495412844
dog;german sheperd;female;01/05/2022;3;1;1800;0;557.504587155963
dog;german sheperd;female;01/05/2022;3;0.6;2000;0;267.633027522936
dog;german sheperd;female;01/05/2022;3;0.7;2000;0;320.036697247706
dog;german sheperd;female;01/05/2022;3;0.8;2000;0;374.311926605505
dog;german sheperd;female;01/05/2022;3;0.9;2000;0;429.577981651376
dog;german sheperd;female;01/05/2022;3;1;2000;0;596.146788990826
dog;german sheperd;female;01/05/2022;3;0.6;2500;0;306.05504587156
dog;german sheperd;female;01/05/2022;3;0.7;2500;0;367.045871559633
dog;german sheperd;female;01/05/2022;3;0.8;2500;0;429.798165137615
dog;german sheperd;female;01/05/2022;3;0.9;2500;0;493.871559633027
dog;german sheperd;female;01/05/2022;3;1;2500;0;686.752293577982
dog;german sheperd;female;01/05/2020;3;0.6;1000;0;207.853211009174
dog;german sheperd;female;01/05/2020;3;0.7;1000;0;246.275229357798
dog;german sheperd;female;01/05/2020;3;0.8;1000;0;284.807339449541
dog;german sheperd;female;01/05/2020;3;0.9;1000;0;324
dog;german sheperd;female;01/05/2020;3;1;1000;0;395.339449541284
dog;german sheperd;female;01/05/2020;3;1;1200;0;447.412844036697
dog;german sheperd;female;01/05/2020;3;0.6;1200;0;232.293577981651
dog;german sheperd;female;01/05/2020;3;0.7;1200;0;276
dog;german sheperd;female;01/05/2020;3;0.8;1200;0;320.146788990826
dog;german sheperd;female;01/05/2020;3;0.9;1200;0;365.174311926605
dog;german sheperd;female;01/05/2020;3;1;1400;0;530.862385321101
dog;german sheperd;female;01/05/2020;3;1;1500;0;555.192660550459
dog;german sheperd;female;01/05/2020;3;0.6;1400;0;254.532110091743
dog;german sheperd;female;01/05/2020;3;0.7;1400;0;303.302752293578
dog;german sheperd;female;01/05/2020;3;0.8;1400;0;352.844036697248
dog;german sheperd;female;01/05/2020;3;0.9;1400;0;403.48623853211
dog;german sheperd;female;01/05/2020;3;1;1600;0;578.862385321101
dog;german sheperd;female;01/05/2020;3;1;1800;0;655.926605504587
dog;german sheperd;female;01/05/2020;3;0.6;1500;0;265.211009174312
dog;german sheperd;female;01/05/2020;3;0.7;1500;0;316.183486238532
dog;german sheperd;female;01/05/2020;3;0.8;1500;0;368.587155963303
dog;german sheperd;female;01/05/2020;3;0.9;1500;0;421.43119266055
dog;german sheperd;female;01/05/2020;3;1;2000;0;701.394495412844
dog;german sheperd;female;01/05/2020;3;1;2500;0;807.853211009174
dog;german sheperd;female;01/05/2020;3;0.6;1600;0;275.669724770642
dog;german sheperd;female;01/05/2020;3;0.7;1600;0;328.844036697248
dog;german sheperd;female;01/05/2020;3;0.8;1600;0;383.669724770642
dog;german sheperd;female;01/05/2020;3;0.9;1600;0;439.266055045871
dog;german sheperd;female;01/05/2020;3;0.6;1800;0;295.48623853211
dog;german sheperd;female;01/05/2020;3;0.7;1800;0;353.174311926605
dog;german sheperd;female;01/05/2020;3;0.8;1800;0;412.51376146789
dog;german sheperd;female;01/05/2020;3;0.9;1800;0;472.954128440367
dog;german sheperd;female;01/05/2020;3;0.6;2000;0;314.642201834862
dog;german sheperd;female;01/05/2020;3;0.7;2000;0;376.51376146789
dog;german sheperd;female;01/05/2020;3;0.8;2000;0;440.256880733945
dog;german sheperd;female;01/05/2020;3;0.9;2000;0;505.321100917431
dog;german sheperd;female;01/05/2020;3;0.6;2500;0;360.330275229358
dog;german sheperd;female;01/05/2020;3;0.7;2500;0;431.669724770642
dog;german sheperd;female;01/05/2020;3;0.8;2500;0;505.43119266055
dog;german sheperd;female;01/05/2020;3;0.9;2500;0;581.284403669725
dog;golden-retriever;female;01/01/2024;3;0.6;1000;0;213.908256880734
dog;golden-retriever;female;01/01/2024;3;0.7;1000;0;253.321100917431
dog;golden-retriever;female;01/01/2024;3;0.8;1000;0;293.174311926605
dog;golden-retriever;female;01/01/2024;3;0.9;1000;0;333.357798165138
dog;golden-retriever;female;01/01/2024;3;0.6;1200;0;239.119266055046
dog;golden-retriever;female;01/01/2024;3;0.7;1200;0;284.036697247706
dog;golden-retriever;female;01/01/2024;3;0.8;1200;0;329.834862385321
dog;golden-retriever;female;01/01/2024;3;0.9;1200;0;375.853211009174
dog;golden-retriever;female;01/01/2024;3;0.6;1400;0;262.018348623853
dog;golden-retriever;female;01/01/2024;3;0.7;1400;0;312.220183486239
dog;golden-retriever;female;01/01/2024;3;0.8;1400;0;363.412844036697
dog;golden-retriever;female;01/01/2024;3;0.9;1400;0;415.48623853211
dog;golden-retriever;female;01/01/2024;3;0.6;1500;0;273.137614678899
dog;golden-retriever;female;01/01/2024;3;0.7;1500;0;325.761467889908
dog;golden-retriever;female;01/01/2024;3;0.8;1500;0;379.376146788991
dog;golden-retriever;female;01/01/2024;3;0.9;1500;0;434.091743119266
dog;golden-retriever;female;01/01/2024;3;0.6;1600;0;283.816513761468
dog;golden-retriever;female;01/01/2024;3;0.7;1600;0;338.752293577982
dog;golden-retriever;female;01/01/2024;3;0.8;1600;0;394.788990825688
dog;golden-retriever;female;01/01/2024;3;0.9;1600;0;452.146788990826
dog;golden-retriever;female;01/01/2024;3;1;1000;0;407.229357798165
dog;golden-retriever;female;01/01/2024;3;1;1200;0;460.623853211009
dog;golden-retriever;female;01/01/2024;3;0.6;1800;0;304.293577981651
dog;golden-retriever;female;01/01/2024;3;0.7;1800;0;363.853211009174
dog;golden-retriever;female;01/01/2024;3;0.8;1800;0;424.733944954128
dog;golden-retriever;female;01/01/2024;3;0.9;1800;0;487.045871559633
dog;golden-retriever;female;01/01/2024;3;1;1400;0;546.605504587156
dog;golden-retriever;female;01/01/2024;3;1;1500;0;571.596330275229
dog;golden-retriever;female;01/01/2024;3;0.6;2000;0;324
dog;golden-retriever;female;01/01/2024;3;0.7;2000;0;387.853211009174
dog;golden-retriever;female;01/01/2024;3;0.8;2000;0;453.247706422018
dog;golden-retriever;female;01/01/2024;3;0.9;2000;0;520.403669724771
dog;golden-retriever;female;01/01/2024;3;1;1600;0;596.036697247706
dog;golden-retriever;female;01/01/2024;3;1;1800;0;675.412844036697
dog;golden-retriever;female;01/01/2024;3;0.6;2500;0;371.009174311927
dog;golden-retriever;female;01/01/2024;3;0.7;2500;0;444.770642201835
dog;golden-retriever;female;01/01/2024;3;0.8;2500;0;520.623853211009
dog;golden-retriever;female;01/01/2024;3;0.9;2500;0;598.45871559633
dog;golden-retriever;female;01/01/2024;3;1;2000;0;722.091743119266
dog;golden-retriever;female;01/01/2024;3;1;2500;0;831.743119266055
dog;golden-retriever;female;01/05/2022;3;0.6;1000;0;227.559633027523
dog;golden-retriever;female;01/05/2022;3;0.7;1000;0;269.284403669725
dog;golden-retriever;female;01/05/2022;3;0.8;1000;0;311.779816513761
dog;golden-retriever;female;01/05/2022;3;0.9;1000;0;354.495412844037
dog;golden-retriever;female;01/05/2022;3;1;1000;0;432.770642201835
dog;golden-retriever;female;01/05/2022;3;0.6;1200;0;254.201834862385
dog;golden-retriever;female;01/05/2022;3;0.7;1200;0;301.761467889908
dog;golden-retriever;female;01/05/2022;3;0.8;1200;0;350.311926605505
dog;golden-retriever;female;01/05/2022;3;0.9;1200;0;399.633027522936
dog;golden-retriever;female;01/05/2022;3;1;1200;0;489.247706422018
dog;golden-retriever;female;01/05/2022;3;0.6;1400;0;278.642201834862
dog;golden-retriever;female;01/05/2022;3;0.7;1400;0;331.816513761468
dog;golden-retriever;female;01/05/2022;3;0.8;1400;0;386.091743119266
dog;golden-retriever;female;01/05/2022;3;0.9;1400;0;441.247706422018
dog;golden-retriever;female;01/05/2022;3;1;1400;0;580.733944954128
dog;golden-retriever;female;01/05/2022;3;0.6;1500;0;289.981651376147
dog;golden-retriever;female;01/05/2022;3;0.7;1500;0;346.018348623853
dog;golden-retriever;female;01/05/2022;3;0.8;1500;0;403.266055045872
dog;golden-retriever;female;01/05/2022;3;0.9;1500;0;461.284403669725
dog;golden-retriever;female;01/05/2022;3;1;1500;0;607.376146788991
dog;golden-retriever;female;01/05/2022;3;0.6;1600;0;301.54128440367
dog;golden-retriever;female;01/05/2022;3;0.7;1600;0;359.889908256881
dog;golden-retriever;female;01/05/2022;3;0.8;1600;0;419.669724770642
dog;golden-retriever;female;01/05/2022;3;0.9;1600;0;480.330275229358
dog;golden-retriever;female;01/05/2022;3;1;1600;0;632.917431192661
dog;golden-retriever;female;01/05/2022;3;0.6;1800;0;323.119266055046
dog;golden-retriever;female;01/05/2022;3;0.7;1800;0;386.752293577982
dog;golden-retriever;female;01/05/2022;3;0.8;1800;0;451.266055045871
dog;golden-retriever;female;01/05/2022;3;0.9;1800;0;517.321100917431
dog;golden-retriever;female;01/05/2022;3;1;1800;0;717.467889908257
dog;golden-retriever;female;01/05/2022;3;0.6;2000;0;344.477064220183
dog;golden-retriever;female;01/05/2022;3;0.7;2000;0;411.853211009174
dog;golden-retriever;female;01/05/2022;3;0.8;2000;0;481.761467889908
dog;golden-retriever;female;01/05/2022;3;0.9;2000;0;552.880733944954
dog;golden-retriever;female;01/05/2022;3;1;2000;0;767.229357798165
dog;golden-retriever;female;01/05/2022;3;0.6;2500;0;393.908256880734
dog;golden-retriever;female;01/05/2022;3;0.7;2500;0;472.403669724771
dog;golden-retriever;female;01/05/2022;3;0.8;2500;0;553.100917431193
dog;golden-retriever;female;01/05/2022;3;0.9;2500;0;635.669724770642
dog;golden-retriever;female;01/05/2022;3;1;2500;0;883.816513761468
dog;golden-retriever;female;01/05/2020;3;0.6;1000;0;267.522935779817
dog;golden-retriever;female;01/05/2020;3;0.7;1000;0;316.954128440367
dog;golden-retriever;female;01/05/2020;3;0.8;1000;0;366.495412844037
dog;golden-retriever;female;01/05/2020;3;0.9;1000;0;417.02752293578
dog;golden-retriever;female;01/05/2020;3;1;1000;0;508.844036697248
dog;golden-retriever;female;01/05/2020;3;1;1200;0;575.779816513761
dog;golden-retriever;female;01/05/2020;3;0.6;1200;0;298.899082568807
dog;golden-retriever;female;01/05/2020;3;0.7;1200;0;355.155963302752
dog;golden-retriever;female;01/05/2020;3;0.8;1200;0;412.073394495413
dog;golden-retriever;female;01/05/2020;3;0.9;1200;0;469.981651376147
dog;golden-retriever;female;01/05/2020;3;1;1400;0;683.229357798165
dog;golden-retriever;female;01/05/2020;3;1;1500;0;714.605504587156
dog;golden-retriever;female;01/05/2020;3;0.6;1400;0;327.633027522936
dog;golden-retriever;female;01/05/2020;3;0.7;1400;0;390.275229357798
dog;golden-retriever;female;01/05/2020;3;0.8;1400;0;454.128440366972
dog;golden-retriever;female;01/05/2020;3;0.9;1400;0;519.302752293578
dog;golden-retriever;female;01/05/2020;3;1;1600;0;744.990825688073
dog;golden-retriever;female;01/05/2020;3;1;1800;0;844.183486238532
dog;golden-retriever;female;01/05/2020;3;0.6;1500;0;341.394495412844
dog;golden-retriever;female;01/05/2020;3;0.7;1500;0;407.009174311927
dog;golden-retriever;female;01/05/2020;3;0.8;1500;0;474.385321100917
dog;golden-retriever;female;01/05/2020;3;0.9;1500;0;542.422018348624
dog;golden-retriever;female;01/05/2020;3;1;2000;0;902.752293577982
dog;golden-retriever;female;01/05/2020;3;1;2500;0;1039.70642201835
dog;golden-retriever;female;01/05/2020;3;0.6;1600;0;354.715596330275
dog;golden-retriever;female;01/05/2020;3;0.7;1600;0;423.192660550459
dog;golden-retriever;female;01/05/2020;3;0.8;1600;0;493.761467889908
dog;golden-retriever;female;01/05/2020;3;0.9;1600;0;565.321100917431
dog;golden-retriever;female;01/05/2020;3;0.6;1800;0;380.256880733945
dog;golden-retriever;female;01/05/2020;3;0.7;1800;0;454.56880733945
dog;golden-retriever;female;01/05/2020;3;0.8;1800;0;530.862385321101
dog;golden-retriever;female;01/05/2020;3;0.9;1800;0;608.697247706422
dog;golden-retriever;female;01/05/2020;3;0.6;2000;0;405.02752293578
dog;golden-retriever;female;01/05/2020;3;0.7;2000;0;484.623853211009
dog;golden-retriever;female;01/05/2020;3;0.8;2000;0;566.642201834862
dog;golden-retriever;female;01/05/2020;3;0.9;2000;0;650.311926605505
dog;golden-retriever;female;01/05/2020;3;0.6;2500;0;463.706422018349
dog;golden-retriever;female;01/05/2020;3;0.7;2500;0;555.522935779816
dog;golden-retriever;female;01/05/2020;3;0.8;2500;0;650.532110091743
dog;golden-retriever;female;01/05/2020;3;0.9;2500;0;748.183486238532
dog;australian sheperd;female;01/01/2024;4;0.6;1000;0;119.009174311927
dog;australian sheperd;female;01/01/2024;4;0.6;2000;0;155.889908256881
dog;australian sheperd;female;01/01/2024;4;0.6;3000;0;246.385321100917
dog;australian sheperd;female;01/01/2024;4;0.8;1000;0;160.623853211009
dog;australian sheperd;female;01/01/2024;4;0.8;2000;0;226.788990825688
dog;australian sheperd;female;01/01/2024;4;0.8;3000;0;322.56880733945
dog;australian sheperd;female;01/01/2024;4;1;1000;0;198.275229357798
dog;australian sheperd;female;01/01/2024;4;1;2000;0;283.48623853211
dog;australian sheperd;female;01/01/2024;4;1;3000;0;447.963302752294
dog;australian sheperd;female;01/05/2022;4;0.6;1000;0;126.385321100917
dog;australian sheperd;female;01/05/2022;4;0.6;2000;0;165.688073394495
dog;australian sheperd;female;01/05/2022;4;0.6;3000;0;261.798165137615
dog;australian sheperd;female;01/05/2022;4;0.8;1000;0;170.642201834862
dog;australian sheperd;female;01/05/2022;4;0.8;2000;0;240.990825688073
dog;australian sheperd;female;01/05/2022;4;0.8;3000;0;342.715596330275
dog;australian sheperd;female;01/05/2022;4;1;1000;0;210.605504587156
dog;australian sheperd;female;01/05/2022;4;1;2000;0;301.211009174312
dog;australian sheperd;female;01/05/2022;4;1;3000;0;476.036697247706
dog;australian sheperd;female;01/05/2020;4;0.6;1000;0;141.247706422018
dog;australian sheperd;female;01/05/2020;4;0.6;2000;0;185.174311926605
dog;australian sheperd;female;01/05/2020;4;0.6;3000;0;292.623853211009
dog;australian sheperd;female;01/05/2020;4;0.8;1000;0;190.678899082569
dog;australian sheperd;female;01/05/2020;4;0.8;2000;0;269.284403669725
dog;australian sheperd;female;01/05/2020;4;0.8;3000;0;383.009174311927
dog;australian sheperd;female;01/05/2020;4;1;1000;0;235.376146788991
dog;australian sheperd;female;01/05/2020;4;1;2000;0;336.660550458716
dog;australian sheperd;female;01/05/2020;4;1;3000;0;531.963302752294
dog;german sheperd;female;01/01/2024;4;0.6;1000;0;145.43119266055
dog;german sheperd;female;01/01/2024;4;0.6;2000;0;190.56880733945
dog;german sheperd;female;01/01/2024;4;0.6;3000;0;301.211009174312
dog;german sheperd;female;01/01/2024;4;0.8;1000;0;196.293577981651
dog;german sheperd;female;01/01/2024;4;0.8;2000;0;277.211009174312
dog;german sheperd;female;01/01/2024;4;0.8;3000;0;394.348623853211
dog;german sheperd;female;01/01/2024;4;1;1000;0;242.422018348624
dog;german sheperd;female;01/01/2024;4;1;2000;0;346.56880733945
dog;german sheperd;female;01/01/2024;4;1;3000;0;547.706422018349
dog;german sheperd;female;01/05/2022;4;0.6;1000;0;154.56880733945
dog;german sheperd;female;01/05/2022;4;0.6;2000;0;202.56880733945
dog;german sheperd;female;01/05/2022;4;0.6;3000;0;320.036697247706
dog;german sheperd;female;01/05/2022;4;0.8;1000;0;208.623853211009
dog;german sheperd;female;01/05/2022;4;0.8;2000;0;294.605504587156
dog;german sheperd;female;01/05/2022;4;0.8;3000;0;419.009174311927
dog;german sheperd;female;01/05/2022;4;1;1000;0;257.504587155963
dog;german sheperd;female;01/05/2022;4;1;2000;0;368.256880733945
dog;german sheperd;female;01/05/2022;4;1;3000;0;581.94495412844
dog;german sheperd;female;01/05/2020;4;0.6;1000;0;172.733944954128
dog;german sheperd;female;01/05/2020;4;0.6;2000;0;226.348623853211
dog;german sheperd;female;01/05/2020;4;0.6;3000;0;357.688073394495
dog;german sheperd;female;01/05/2020;4;0.8;1000;0;233.174311926605
dog;german sheperd;female;01/05/2020;4;0.8;2000;0;329.284403669725
dog;german sheperd;female;01/05/2020;4;0.8;3000;0;468.330275229358
dog;german sheperd;female;01/05/2020;4;1;1000;0;287.889908256881
dog;german sheperd;female;01/05/2020;4;1;2000;0;411.522935779817
dog;german sheperd;female;01/05/2020;4;1;3000;0;650.422018348624
dog;golden-retriever;female;01/01/2024;4;0.6;1000;0;145.43119266055
dog;golden-retriever;female;01/01/2024;4;0.6;2000;0;190.56880733945
dog;golden-retriever;female;01/01/2024;4;0.6;3000;0;301.211009174312
dog;golden-retriever;female;01/01/2024;4;0.8;1000;0;196.293577981651
dog;golden-retriever;female;01/01/2024;4;0.8;2000;0;277.211009174312
dog;golden-retriever;female;01/01/2024;4;0.8;3000;0;394.348623853211
dog;golden-retriever;female;01/01/2024;4;1;1000;0;242.422018348624
dog;golden-retriever;female;01/01/2024;4;1;2000;0;346.56880733945
dog;golden-retriever;female;01/01/2024;4;1;3000;0;547.706422018349
dog;golden-retriever;female;01/05/2022;4;0.6;1000;0;154.56880733945
dog;golden-retriever;female;01/05/2022;4;0.6;2000;0;202.56880733945
dog;golden-retriever;female;01/05/2022;4;0.6;3000;0;320.036697247706
dog;golden-retriever;female;01/05/2022;4;0.8;1000;0;208.623853211009
dog;golden-retriever;female;01/05/2022;4;0.8;2000;0;294.605504587156
dog;golden-retriever;female;01/05/2022;4;0.8;3000;0;419.009174311927
dog;golden-retriever;female;01/05/2022;4;1;1000;0;257.504587155963
dog;golden-retriever;female;01/05/2022;4;1;2000;0;368.256880733945
dog;golden-retriever;female;01/05/2022;4;1;3000;0;581.94495412844
dog;golden-retriever;female;01/05/2020;4;0.6;1000;0;172.733944954128
dog;golden-retriever;female;01/05/2020;4;0.6;2000;0;226.348623853211
dog;golden-retriever;female;01/05/2020;4;0.6;3000;0;357.688073394495
dog;golden-retriever;female;01/05/2020;4;0.8;1000;0;233.174311926605
dog;golden-retriever;female;01/05/2020;4;0.8;2000;0;329.284403669725
dog;golden-retriever;female;01/05/2020;4;0.8;3000;0;468.330275229358
dog;golden-retriever;female;01/05/2020;4;1;1000;0;287.889908256881
dog;golden-retriever;female;01/05/2020;4;1;2000;0;411.522935779817
dog;golden-retriever;female;01/05/2020;4;1;3000;0;650.422018348624
dog;french bulldog;female;01/01/2024;4;0.6;1000;0;551.449541284404
dog;french bulldog;female;01/01/2024;4;0.6;2000;0;722.752293577982
dog;french bulldog;female;01/01/2024;4;0.6;3000;0;1142.20183486239
dog;french bulldog;female;01/01/2024;4;0.8;1000;0;744.440366972477
dog;french bulldog;female;01/01/2024;4;0.8;2000;0;1051.26605504587
dog;french bulldog;female;01/01/2024;4;0.8;3000;0;1495.26605504587
dog;french bulldog;female;01/01/2024;4;1;1000;0;919.045871559633
dog;french bulldog;female;01/01/2024;4;1;2000;0;1314.16513761468
dog;french bulldog;female;01/01/2024;4;1;3000;0;2076.77064220183
dog;french bulldog;female;01/05/2022;4;0.6;1000;0;585.908256880734
dog;french bulldog;female;01/05/2022;4;0.6;2000;0;768
dog;french bulldog;female;01/05/2022;4;0.6;3000;0;1213.65137614679
dog;french bulldog;female;01/05/2022;4;0.8;1000;0;791.009174311926
dog;french bulldog;female;01/05/2022;4;0.8;2000;0;1116.99082568807
dog;french bulldog;female;01/05/2022;4;0.8;3000;0;1588.73394495413
dog;french bulldog;female;01/05/2022;4;1;1000;0;976.51376146789
dog;french bulldog;female;01/05/2022;4;1;2000;0;1396.29357798165
dog;french bulldog;female;01/05/2022;4;1;3000;0;2206.56880733945
dog;french bulldog;female;01/05/2020;4;0.6;1000;0;654.825688073394
dog;french bulldog;female;01/05/2020;4;0.6;2000;0;858.275229357798
dog;french bulldog;female;01/05/2020;4;0.6;3000;0;1356.44036697248
dog;french bulldog;female;01/05/2020;4;0.8;1000;0;884.036697247706
dog;french bulldog;female;01/05/2020;4;0.8;2000;0;1248.44036697248
dog;french bulldog;female;01/05/2020;4;0.8;3000;0;1775.66972477064
dog;french bulldog;female;01/05/2020;4;1;1000;0;1091.33944954128
dog;french bulldog;female;01/05/2020;4;1;2000;0;1560.5504587156
dog;french bulldog;female;01/05/2020;4;1;3000;0;2466.2752293578
dog;australian sheperd;female;01/01/2024;5;0.75;3000;140;171.743119266055
dog;australian sheperd;female;01/01/2024;5;0.75;6000;140;203.559633027523
dog;australian sheperd;female;01/01/2024;5;0.75;3000;100;190.678899082569
dog;australian sheperd;female;01/01/2024;5;0.75;6000;100;226.348623853211
dog;australian sheperd;female;01/01/2024;5;0.75;3000;60;226.348623853211
dog;australian sheperd;female;01/01/2024;5;0.75;6000;60;269.174311926605
dog;australian sheperd;female;01/01/2024;5;0.85;3000;140;185.064220183486
dog;australian sheperd;female;01/01/2024;5;0.85;6000;140;219.633027522936
dog;australian sheperd;female;01/01/2024;5;0.85;3000;100;205.651376146789
dog;australian sheperd;female;01/01/2024;5;0.85;6000;100;244.293577981651
dog;australian sheperd;female;01/01/2024;5;0.85;3000;60;244.293577981651
dog;australian sheperd;female;01/01/2024;5;0.85;6000;60;290.752293577982
dog;german sheperd;female;01/01/2024;5;0.75;3000;140;220.293577981651
dog;german sheperd;female;01/01/2024;5;0.75;6000;140;261.137614678899
dog;german sheperd;female;01/01/2024;5;0.75;3000;100;244.51376146789
dog;german sheperd;female;01/01/2024;5;0.75;6000;100;294.275229357798
dog;german sheperd;female;01/01/2024;5;0.75;3000;60;290.311926605505
dog;german sheperd;female;01/01/2024;5;0.75;6000;60;345.247706422018
dog;german sheperd;female;01/01/2024;5;0.85;3000;140;237.467889908257
dog;german sheperd;female;01/01/2024;5;0.85;6000;140;281.724770642202
dog;german sheperd;female;01/01/2024;5;0.85;3000;100;263.779816513761
dog;german sheperd;female;01/01/2024;5;0.85;6000;100;313.321100917431
dog;german sheperd;female;01/01/2024;5;0.85;3000;60;313.321100917431
dog;german sheperd;female;01/01/2024;5;0.85;6000;60;372.880733944954
dog;golden-retriever;female;01/01/2024;5;0.75;3000;140;220.293577981651
dog;golden-retriever;female;01/01/2024;5;0.75;6000;140;261.137614678899
dog;golden-retriever;female;01/01/2024;5;0.75;3000;100;244.51376146789
dog;golden-retriever;female;01/01/2024;5;0.75;6000;100;294.275229357798
dog;golden-retriever;female;01/01/2024;5;0.75;3000;60;290.311926605505
dog;golden-retriever;female;01/01/2024;5;0.75;6000;60;345.247706422018
dog;golden-retriever;female;01/01/2024;5;0.85;3000;140;237.467889908257
dog;golden-retriever;female;01/01/2024;5;0.85;6000;140;281.724770642202
dog;golden-retriever;female;01/01/2024;5;0.85;3000;100;263.779816513761
dog;golden-retriever;female;01/01/2024;5;0.85;6000;100;313.321100917431
dog;golden-retriever;female;01/01/2024;5;0.85;3000;60;313.321100917431
dog;golden-retriever;female;01/01/2024;5;0.85;6000;60;372.880733944954
dog;french bulldog;female;01/01/2024;5;0.75;3000;140;295.155963302752
dog;french bulldog;female;01/01/2024;5;0.75;6000;140;349.981651376147
dog;french bulldog;female;01/01/2024;5;0.75;3000;100;327.743119266055
dog;french bulldog;female;01/01/2024;5;0.75;6000;100;389.064220183486
dog;french bulldog;female;01/01/2024;5;0.75;3000;60;389.064220183486
dog;french bulldog;female;01/01/2024;5;0.75;6000;60;462.605504587156
dog;french bulldog;female;01/01/2024;5;0.85;3000;140;318.165137614679
dog;french bulldog;female;01/01/2024;5;0.85;6000;140;377.504587155963
dog;french bulldog;female;01/01/2024;5;0.85;3000;100;353.394495412844
dog;french bulldog;female;01/01/2024;5;0.85;6000;100;419.889908256881
dog;french bulldog;female;01/01/2024;5;0.85;3000;60;419.889908256881
dog;french bulldog;female;01/01/2024;5;0.85;6000;60;499.706422018349
dog;french bulldog;female;01/01/2024;1;0.6;1100;0;391.211009174312
dog;french bulldog;female;01/01/2024;1;0.7;1500;20;472.935779816514
dog;french bulldog;female;01/01/2024;1;0.8;1800;30;590.518348623853
dog;french bulldog;female;01/01/2024;1;1;2500;75;1072.18348623853
dog;french bulldog;female;01/01/2024;1;0.9;2200;50;882.605504587156
dog;french bulldog;female;01/05/2022;1;0.6;1100;0;391.211009174312
dog;french bulldog;female;01/05/2022;1;0.7;1500;20;472.935779816514
dog;french bulldog;female;01/05/2022;1;0.8;1800;30;590.518348623853
dog;french bulldog;female;01/05/2022;1;1;2500;75;1072.18348623853
dog;french bulldog;female;01/05/2022;1;0.9;2200;50;882.605504587156
dog;french bulldog;female;01/05/2020;1;0.6;1100;0;432.715596330275
dog;french bulldog;female;01/05/2020;1;0.7;1500;20;565.412844036697
dog;french bulldog;female;01/05/2020;1;0.8;1800;30;716.903669724771
dog;french bulldog;female;01/05/2020;1;1;2500;75;1188.66055045872
dog;french bulldog;female;01/05/2020;1;0.9;2200;50;980.366972477064
dog;german sheperd;female;01/01/2022;1;0.6;1100;0;327.02752293578
dog;german sheperd;female;01/01/2022;1;0.7;1500;20;427.137614678899
dog;german sheperd;female;01/01/2022;1;0.8;1800;30;531.729357798165
dog;german sheperd;female;01/01/2022;1;0.9;2200;50;824.036697247706
dog;german sheperd;female;01/01/2022;1;1;2500;75;1004.25688073394
dog;golden-retriever;female;01/01/2024;2;0.5;1000;0;128.146788990826
dog;golden-retriever;female;01/01/2024;2;0.6;1000;0;148.073394495413
dog;golden-retriever;female;01/01/2024;2;0.7;1000;0;166.45871559633
dog;golden-retriever;female;01/01/2024;2;0.5;1500;0;155.779816513761
dog;golden-retriever;female;01/01/2024;2;0.6;1500;0;181.651376146789
dog;golden-retriever;female;01/01/2024;2;0.7;1500;0;205.321100917431
dog;golden-retriever;female;01/01/2024;2;0.5;2000;0;182.642201834862
dog;golden-retriever;female;01/01/2024;2;0.6;2000;0;214.678899082569
dog;golden-retriever;female;01/01/2024;2;0.7;2000;0;244.293577981651
dog;golden-retriever;female;01/01/2024;2;0.8;1000;0;190.238532110092
dog;golden-retriever;female;01/01/2024;2;0.9;1000;0;213.908256880734
dog;golden-retriever;female;01/01/2024;2;1;1000;0;309.137614678899
dog;golden-retriever;female;01/01/2024;2;0.8;1500;0;234.715596330275
dog;golden-retriever;female;01/01/2024;2;0.9;1500;0;264
dog;golden-retriever;female;01/01/2024;2;1;1500;0;381.467889908257
dog;golden-retriever;female;01/01/2024;2;0.8;2000;0;249.467889908257
dog;golden-retriever;female;01/01/2024;2;0.9;2000;0;272.807339449541
dog;golden-retriever;female;01/01/2024;2;1;2000;0;440.807339449541
dog;golden-retriever;female;01/01/2024;2;0.8;2500;0;261.467889908257
dog;golden-retriever;female;01/01/2024;2;0.9;2500;0;287.779816513761
dog;golden-retriever;female;01/01/2024;2;1;2500;0;467.669724770642
dog;golden-retriever;female;01/01/2024;2;0.8;3000;0;279.522935779817
dog;golden-retriever;female;01/01/2024;2;0.9;3000;0;309.467889908257
dog;golden-retriever;female;01/01/2024;2;1;3000;0;506.091743119266
dog;golden-retriever;female;14/05/2022;2;0.5;1000;0;136.183486238532
dog;golden-retriever;female;14/05/2022;2;0.6;1000;0;157.321100917431
dog;golden-retriever;female;14/05/2022;2;0.7;1000;0;176.807339449541
dog;golden-retriever;female;14/05/2022;2;0.5;1500;0;165.577981651376
dog;golden-retriever;female;14/05/2022;2;0.6;1500;0;193.100917431193
dog;golden-retriever;female;14/05/2022;2;0.7;1500;0;218.201834862385
dog;golden-retriever;female;14/05/2022;2;0.5;2000;0;194.091743119266
dog;golden-retriever;female;14/05/2022;2;0.6;2000;0;228.110091743119
dog;golden-retriever;female;14/05/2022;2;0.7;2000;0;259.596330275229
dog;golden-retriever;female;14/05/2022;2;0.8;1000;0;202.128440366972
dog;golden-retriever;female;14/05/2022;2;0.9;1000;0;227.229357798165
dog;golden-retriever;female;14/05/2022;2;1;1000;0;328.403669724771
dog;golden-retriever;female;14/05/2022;2;0.8;1500;0;249.467889908257
dog;golden-retriever;female;14/05/2022;2;0.9;1500;0;280.51376146789
dog;golden-retriever;female;14/05/2022;2;1;1500;0;405.247706422018
dog;golden-retriever;female;14/05/2022;2;0.8;2000;0;265.100917431193
dog;golden-retriever;female;14/05/2022;2;0.9;2000;0;289.761467889908
dog;golden-retriever;female;14/05/2022;2;1;2000;0;468.330275229358
dog;golden-retriever;female;14/05/2022;2;0.8;2500;0;277.871559633028
dog;golden-retriever;female;14/05/2022;2;0.9;2500;0;305.724770642202
dog;golden-retriever;female;14/05/2022;2;1;2500;0;496.954128440367
dog;golden-retriever;female;14/05/2022;2;0.8;3000;0;297.02752293578
dog;golden-retriever;female;14/05/2022;2;0.9;3000;0;328.954128440367
dog;golden-retriever;female;14/05/2022;2;1;3000;0;537.688073394495
dog;golden-retriever;female;14/05/2020;2;0.5;1000;0;168.220183486239
dog;golden-retriever;female;14/05/2020;2;0.6;1000;0;194.422018348624
dog;golden-retriever;female;14/05/2020;2;0.7;1000;0;218.422018348624
dog;golden-retriever;female;14/05/2020;2;0.5;1500;0;204.440366972477
dog;golden-retriever;female;14/05/2020;2;0.6;1500;0;238.45871559633
dog;golden-retriever;female;14/05/2020;2;0.7;1500;0;269.504587155963
dog;golden-retriever;female;14/05/2020;2;0.5;2000;0;239.779816513761
dog;golden-retriever;female;14/05/2020;2;0.6;2000;0;281.834862385321
dog;golden-retriever;female;14/05/2020;2;0.7;2000;0;320.807339449541
dog;golden-retriever;female;14/05/2020;2;0.8;1000;0;249.577981651376
dog;golden-retriever;female;14/05/2020;2;0.9;1000;0;280.844036697248
dog;golden-retriever;female;14/05/2020;2;1;1000;0;405.688073394495
dog;golden-retriever;female;14/05/2020;2;0.8;1500;0;308.146788990826
dog;golden-retriever;female;14/05/2020;2;0.9;1500;0;346.56880733945
dog;golden-retriever;female;14/05/2020;2;1;1500;0;500.587155963303
dog;golden-retriever;female;14/05/2020;2;0.8;2000;0;327.522935779816
dog;golden-retriever;female;14/05/2020;2;0.9;2000;0;357.908256880734
dog;golden-retriever;female;14/05/2020;2;1;2000;0;578.532110091743
dog;golden-retriever;female;14/05/2020;2;0.8;2500;0;343.155963302752
dog;golden-retriever;female;14/05/2020;2;0.9;2500;0;377.614678899082
dog;golden-retriever;female;14/05/2020;2;1;2500;0;613.761467889908
dog;golden-retriever;female;14/05/2020;2;0.8;3000;0;366.825688073394
dog;golden-retriever;female;14/05/2020;2;0.9;3000;0;406.348623853211
dog;golden-retriever;female;14/05/2020;2;1;3000;0;664.183486238532